{"cameraMode":{"drawMode":0,"name":"Shaded","section":"Shading Mode"},"sceneLighting":true,"audioPlay":false,"sceneViewState":{"showFog":true,"showMaterialUpdate":false,"showSkybox":true,"showFlares":true,"showImageEffects":true,"showParticleSystems":true},"in2DMode":false,"pivot":{"x":111.46385192871094,"y":332.35784912109377,"z":32.216583251953128},"rotation":{"x":0.056899480521678928,"y":-0.04940341040492058,"z":0.0028189222794026138,"w":0.9971544146537781},"size":530.9719848632813,"orthographic":false}