{"cameraMode":{"drawMode":0,"name":"Shaded","section":"Shading Mode"},"sceneLighting":true,"audioPlay":false,"sceneViewState":{"showFog":true,"showMaterialUpdate":false,"showSkybox":true,"showFlares":true,"showImageEffects":true,"showParticleSystems":true},"in2DMode":false,"pivot":{"x":-0.38884812593460085,"y":-0.10488921403884888,"z":0.5364389419555664},"rotation":{"x":-0.031804073601961139,"y":-0.003900687675923109,"z":0.00012413450167514384,"w":-0.9994871616363525},"size":20.759462356567384,"orthographic":false}